mutation,delta_bind
GE339A,-0.06898
GE339C,-0.36566
GE339D,0.17962
GE339E,0.01619
GE339F,-0.13878
GE339G,0.0
GE339H,-0.00034
GE339I,-0.42983
GE339K,-0.15788
GE339L,-0.41737
GE339M,-0.19208
GE339N,0.03375
GE339P,-0.46223
GE339Q,-0.06485
GE339R,-0.21038
GE339S,0.04148
GE339T,-0.16309
GE339V,-0.36297
GE339W,-0.27445
GE339Y,-0.2286
SE371A,-0.19886
SE371C,-0.27829
SE371D,-0.14619
SE371E,-0.20772
SE371F,-0.27168
SE371G,-0.23904
SE371H,-0.18603
SE371I,-0.259
SE371K,-0.33187
SE371L,-0.28048
SE371M,-0.16284
SE371N,-0.01533
SE371P,-0.2799
SE371Q,-0.12842
SE371R,-0.15648
SE371S,0.0
SE371T,-0.11402
SE371V,-0.21779
SE371W,-0.17826
SE371Y,-0.14208
SE373A,0.04696
SE373C,-0.22826
SE373D,-0.14448
SE373E,-0.12116
SE373F,-0.06339
SE373G,-0.057
SE373H,0.07277
SE373I,-0.14138
SE373K,0.09847
SE373L,-0.05331
SE373M,0.00342
SE373N,-0.45188
SE373P,-0.02339
SE373Q,0.06467
SE373R,0.07078
SE373S,0.0
SE373T,0.0023
SE373V,-0.08286
SE373W,-0.1164
SE373Y,0.00676
SE375A,-0.19425
SE375C,-0.4821
SE375D,-0.06138
SE375E,-0.17207
SE375F,-0.50468
SE375G,-0.26598
SE375H,-0.2325
SE375I,-0.82268
SE375K,-0.34379
SE375L,-0.62403
SE375M,-0.38518
SE375N,-0.18024
SE375P,-0.43406
SE375Q,-0.12085
SE375R,-0.36133
SE375S,0.0
SE375T,-0.15307
SE375V,-0.50533
SE375W,-0.5281
SE375Y,-0.38811
KE417A,-0.61637
KE417C,-0.53595
KE417D,-1.3923
KE417E,-1.10436
KE417F,-0.11017
KE417G,-0.9359
KE417H,-0.42746
KE417I,-0.34963
KE417K,0.0
KE417L,-0.51001
KE417M,-0.61102
KE417N,-0.68626
KE417P,-0.5205
KE417Q,-0.98915
KE417R,-0.37582
KE417S,-0.73126
KE417T,-0.46268
KE417V,-0.58586
KE417W,-0.62597
KE417Y,-0.25591
NE440A,-0.02953
NE440C,-0.38435
NE440D,-0.12627
NE440E,-0.16631
NE440F,-0.07054
NE440G,-0.00447
NE440H,0.14776
NE440I,-0.21041
NE440K,0.26963
NE440L,-0.0649
NE440M,-0.18974
NE440N,0.0
NE440P,-0.16873
NE440Q,-0.06535
NE440R,0.10191
NE440S,0.00445
NE440T,-0.15758
NE440V,-0.03531
NE440W,-0.27753
NE440Y,-0.05494
GE446A,-0.51824
GE446C,-1.37587
GE446D,-0.47957
GE446E,-0.32714
GE446F,-0.80998
GE446G,0.0
GE446H,-0.10046
GE446I,-0.53013
GE446K,-0.18824
GE446L,-0.4611
GE446M,-0.58955
GE446N,-0.10618
GE446P,-0.02202
GE446Q,-0.30923
GE446R,-0.44646
GE446S,-0.33354
GE446T,-0.33357
GE446V,-0.38806
GE446W,-0.82186
GE446Y,-0.37067
SE477A,-0.07506
SE477C,-0.3437
SE477D,0.08404
SE477E,-0.13249
SE477F,-0.0948
SE477G,0.02772
SE477H,-0.05255
SE477I,-0.12936
SE477K,-0.27656
SE477L,-0.24581
SE477M,-0.06304
SE477N,0.6677
SE477P,0.55279
SE477Q,-0.039
SE477R,-0.03746
SE477S,0.0
SE477T,0.08674
SE477V,-0.07405
SE477W,0.39705
SE477Y,-0.11317
TE478A,-0.08797
TE478C,-0.24644
TE478D,-0.07005
TE478E,-0.15208
TE478F,-0.29617
TE478G,-0.1112
TE478H,-0.2086
TE478I,-0.18483
TE478K,0.05094
TE478L,0.02441
TE478M,-0.16585
TE478N,-0.05895
TE478P,-0.37111
TE478Q,0.00855
TE478R,-0.01227
TE478S,-0.09215
TE478T,0.0
TE478V,-0.09751
TE478W,-0.32068
TE478Y,-0.16649
EE484A,-0.27638
EE484C,-0.52498
EE484D,-0.3568
EE484E,0.0
EE484F,-1.99476
EE484G,-0.21659
EE484H,-1.08381
EE484I,-0.9568
EE484K,0.24095
EE484L,-1.16148
EE484M,-0.48351
EE484N,-0.36675
EE484P,-0.55396
EE484Q,-0.03599
EE484R,0.05703
EE484S,-0.02766
EE484T,-0.03133
EE484V,-1.09099
EE484W,-1.1527
EE484Y,-1.62823
QE493A,0.76801
QE493C,0.46914
QE493D,-2.48963
QE493E,-0.9779
QE493F,1.48074
QE493G,0.22925
QE493H,0.1466
QE493I,0.05262
QE493K,-0.09628
QE493L,0.46479
QE493M,0.64591
QE493N,-0.44862
QE493P,-0.32014
QE493Q,0.0
QE493R,-0.29555
QE493S,-0.19097
QE493T,0.2985
QE493V,1.86324
QE493W,-0.24219
QE493Y,1.03962
GE496A,-0.89866
GE496C,-2.23784
GE496D,-3.07738
GE496E,-3.1692
GE496F,-3.34349
GE496G,0.0
GE496H,-2.90575
GE496I,-2.3343
GE496K,-3.00493
GE496L,-3.05068
GE496M,-2.61572
GE496N,-0.69839
GE496P,-3.0824
GE496Q,-2.01155
GE496R,-3.04758
GE496S,-0.92165
GE496T,-2.41767
GE496V,-1.67928
GE496W,-3.09593
GE496Y,-2.90394
QE498A,-0.16009
QE498C,-2.14363
QE498D,-2.78945
QE498E,-1.61978
QE498F,-0.0376
QE498G,-1.00413
QE498H,0.55026
QE498I,-3.03613
QE498K,-3.55559
QE498L,-3.20229
QE498M,-1.02826
QE498N,-0.93694
QE498P,-3.4832
QE498Q,0.0
QE498R,-0.26827
QE498S,-0.35243
QE498T,-1.17038
QE498V,-2.79439
QE498W,0.47742
QE498Y,0.34805
NE501A,-0.36265
NE501C,-0.41401
NE501D,-3.49014
NE501E,-1.46217
NE501F,1.46449
NE501G,-1.71392
NE501H,0.01376
NE501I,-0.20464
NE501K,-3.47379
NE501L,-2.27746
NE501M,0.59807
NE501N,0.0
NE501P,-2.88838
NE501Q,-0.3228
NE501R,-2.99021
NE501S,-0.37523
NE501T,0.8128
NE501V,0.41147
NE501W,0.44344
NE501Y,1.04213
YE505A,-3.38174
YE505C,-3.33942
YE505D,-2.9172
YE505E,-3.72805
YE505F,-0.42927
YE505G,-3.5475
YE505H,-1.20626
YE505I,-3.65046
YE505K,-3.59865
YE505L,-3.77473
YE505M,-3.70105
YE505N,-3.47805
YE505P,-3.43784
YE505Q,-3.52845
YE505R,-3.53511
YE505S,-3.77161
YE505T,-3.39104
YE505V,-3.57576
YE505W,0.54611
YE505Y,0.0
